,City,Country,Lat,Lng,Max Temp,Humidity,Cloudiness,Wind Speed,Current Description
0,Luderitz,NA,-26.6481,15.1594,70.27,68,0,18.12,clear sky
1,Ushuaia,AR,-54.8,-68.3,48.2,53,20,3.44,few clouds
2,Fillmore,US,43.6666,-92.1002,75.2,20,1,23.02,clear sky
3,Avarua,CK,-21.2078,-159.775,82.4,78,75,14.97,light rain
4,Saskylakh,RU,71.9167,114.0833,-26.91,100,25,3.4,scattered clouds
5,Busselton,AU,-33.65,115.3333,62.01,92,0,1.01,clear sky
6,Nikolskoye,RU,59.7035,30.7861,42.01,75,75,8.95,broken clouds
7,Leh,IN,34.1667,77.5833,36.32,69,98,3.58,light rain
8,Saint-Pierre,RE,-21.3393,55.4781,78.8,78,0,4.61,clear sky
9,Nanortalik,GL,60.1432,-45.2371,37.35,83,13,7.94,few clouds
10,Sisimiut,GL,66.9395,-53.6735,26.04,69,100,7.43,light snow
11,Rikitea,PF,-23.1203,-134.9692,76.98,69,100,16.58,light rain
12,Maumere,ID,-8.6199,122.2111,78.26,85,100,5.79,heavy intensity rain
13,Manacapuru,BR,-3.2997,-60.6206,89.6,62,40,11.5,scattered clouds
14,Maralal,KE,1.0968,36.698,62.96,80,73,6.71,light rain
15,Robat Karim,IR,35.4846,51.0829,59.0,21,0,6.91,clear sky
16,Albany,US,42.6001,-73.9662,57.0,27,14,1.99,few clouds
17,Eyl,SO,7.9803,49.8164,81.01,74,8,9.17,clear sky
18,Punta Arenas,CL,-53.15,-70.9167,50.0,50,0,18.41,clear sky
19,Khatanga,RU,71.9667,102.5,-13.63,88,10,8.3,clear sky
20,Mataura,NZ,-46.1927,168.8643,57.0,73,100,11.99,overcast clouds
21,Butaritari,KI,3.0707,172.7902,81.68,80,100,14.25,overcast clouds
22,Gouyave,GD,12.1646,-61.7296,84.2,65,20,17.27,few clouds
23,Pisco,PE,-13.7,-76.2167,78.8,61,0,10.36,clear sky
24,New Norfolk,AU,-42.7826,147.0587,55.0,67,44,1.01,scattered clouds
25,Kapaa,US,22.0752,-159.319,75.2,60,75,18.41,broken clouds
26,Taoudenni,ML,22.6783,-3.9836,92.95,11,98,12.17,overcast clouds
27,Yellowknife,CA,62.456,-114.3525,19.99,53,20,8.05,few clouds
28,Tinskoy,RU,56.1525,96.9161,32.94,99,100,2.77,overcast clouds
29,Khonsa,IN,27.0167,95.5667,62.76,41,0,4.29,clear sky
30,Yarke Pole,UA,45.608,34.3172,41.23,91,100,4.29,overcast clouds
31,Nouadhibou,MR,20.931,-17.0347,69.8,68,100,18.41,overcast clouds
32,Pochutla,MX,15.7432,-96.4661,90.0,55,20,10.74,few clouds
33,Chak Azam Sahu,PK,30.75,73.0333,76.69,18,100,10.11,overcast clouds
34,Berlevag,NO,70.8578,29.0864,33.8,93,75,5.75,broken clouds
35,Grand Forks,US,47.9417,-97.4337,62.6,20,1,9.22,clear sky
36,Port Alfred,ZA,-33.5906,26.891,65.46,87,2,11.54,clear sky
37,Bethel,US,41.3712,-73.414,59.0,24,20,3.44,few clouds
38,Jalpan,MX,21.2333,-99.4833,77.76,35,93,5.73,overcast clouds
39,Georgetown,MY,5.4112,100.3354,84.0,83,20,3.71,moderate rain
40,Norman Wells,CA,65.282,-126.8329,12.2,62,75,12.66,broken clouds
41,Tessalit,ML,20.1986,1.0114,87.37,6,0,5.3,clear sky
42,Minab,IR,27.1467,57.0801,78.8,69,38,6.91,haze
43,Chegutu,ZW,-18.1302,30.1407,65.77,58,0,8.19,clear sky
44,Tuktoyaktuk,CA,69.4541,-133.0374,-9.4,77,40,16.11,snow
45,Souillac,MU,-20.5167,57.5167,81.0,74,7,5.99,clear sky
46,Temple,US,31.0982,-97.3428,68.0,68,90,5.75,overcast clouds
47,Jamestown,US,42.097,-79.2353,55.0,35,1,10.36,clear sky
48,Carnarvon,AU,-24.8667,113.6333,77.0,78,7,14.97,clear sky
49,Port-Cartier,CA,50.0334,-66.8654,39.0,64,90,10.36,overcast clouds
50,Sabla,NG,12.7525,4.7077,88.57,9,0,8.41,clear sky
51,Hobart,AU,-42.8794,147.3294,55.4,67,40,6.91,scattered clouds
52,Singaraja,ID,-8.112,115.0882,79.52,82,100,7.52,light rain
53,Qaqortoq,GL,60.7167,-46.0333,41.0,81,90,4.61,overcast clouds
54,Urucara,BR,-2.5364,-57.76,87.91,61,100,3.78,overcast clouds
55,Kolokani,ML,13.5728,-8.0339,91.15,5,1,7.96,clear sky
56,Ilhabela,BR,-23.7781,-45.3581,76.03,79,55,5.59,broken clouds
57,Gorin,RU,51.1983,136.6669,27.1,64,7,1.95,clear sky
58,Fertod,HU,47.6195,16.8868,41.0,48,0,2.3,clear sky
59,Yuxia,CN,34.0615,108.6291,51.01,66,0,8.95,clear sky
60,Tura,IN,25.5198,90.2201,71.65,29,78,2.82,broken clouds
61,Amuntai,ID,-2.4177,115.2494,74.53,98,100,2.33,overcast clouds
62,Murashi,RU,59.3999,48.9615,22.91,96,78,2.68,broken clouds
63,Itoman,JP,26.1247,127.6694,66.2,68,75,19.57,broken clouds
64,Kalmunai,LK,7.4167,81.8167,78.96,82,70,4.99,broken clouds
65,Mahebourg,MU,-20.4081,57.7,81.0,74,8,5.99,light rain
66,Bluff,NZ,-46.6,168.3333,57.0,73,86,11.99,overcast clouds
67,Talnakh,RU,69.4865,88.3972,4.33,75,100,10.78,overcast clouds
68,Cape Town,ZA,-33.9258,18.4232,69.01,88,20,16.11,few clouds
69,Arraial Do Cabo,BR,-22.9661,-42.0278,84.2,65,20,10.36,few clouds
70,Port Elizabeth,ZA,-33.918,25.5701,66.2,88,75,19.57,broken clouds
71,Kaitangata,NZ,-46.2817,169.8464,61.0,51,43,11.01,scattered clouds
72,Vysokogornyy,RU,50.1167,139.15,9.32,92,5,1.99,clear sky
73,Zhemtala,RU,43.2841,43.6559,57.0,54,95,6.71,overcast clouds
74,Castro,BR,-24.7911,-50.0119,72.57,54,4,6.06,clear sky
75,East London,ZA,-33.0153,27.9116,66.2,63,0,5.75,clear sky
76,Krasnyy Chikoy,RU,50.3643,108.7512,31.59,85,97,2.48,overcast clouds
77,Cabo San Lucas,MX,22.8909,-109.9124,91.4,19,1,13.8,clear sky
78,Zhigansk,RU,66.7697,123.3711,-26.05,100,48,5.44,scattered clouds
79,Magnolia,US,33.2671,-93.2393,75.0,35,75,6.69,broken clouds
80,Hamilton,US,39.1834,-84.5333,72.0,30,1,5.59,clear sky
81,Coquimbo,CL,-29.9533,-71.3436,64.4,68,90,8.05,overcast clouds
82,Puerto Ayora,EC,-0.7393,-90.3518,82.4,74,20,13.8,few clouds
83,Nouakchott,MR,18.0858,-15.9785,80.6,47,94,20.71,overcast clouds
84,Micheweni,TZ,-4.9667,39.8333,81.57,77,76,10.83,broken clouds
85,Upernavik,GL,72.7868,-56.1549,-9.65,83,7,10.96,clear sky
86,Ahuimanu,US,21.4447,-157.8378,71.6,88,90,12.66,light rain
87,Esperance,AU,-33.8667,121.9,62.6,88,22,11.5,few clouds
88,Biltine,TD,14.5333,20.9167,89.26,11,75,10.38,broken clouds
89,Januaria,BR,-15.4833,-44.3667,83.08,58,57,5.03,broken clouds
90,Kodiak,US,57.79,-152.4072,35.6,80,1,6.91,clear sky
91,Hermanus,ZA,-34.4187,19.2345,64.99,91,92,1.01,light rain
92,Ena,JP,35.4498,137.4128,55.0,100,99,2.93,overcast clouds
93,Broome,US,42.2506,-75.833,57.99,37,20,16.11,few clouds
94,Havoysund,NO,70.9963,24.6622,26.6,93,40,5.75,scattered clouds
95,Novaya Zaimka,RU,56.4857,66.9241,33.49,96,100,9.73,overcast clouds
96,Saint-Joseph,RE,-21.3667,55.6167,78.8,78,0,4.61,clear sky
97,Narsaq,GL,60.9167,-46.05,41.0,81,90,4.61,overcast clouds
98,Katsuura,JP,35.1333,140.3,66.2,94,75,11.5,heavy intensity rain
99,Nizhniy Odes,RU,63.6445,54.856,21.18,96,28,2.48,scattered clouds
100,Evensk,RU,61.95,159.2333,11.64,51,100,27.2,overcast clouds
101,Kisangani,CD,0.5167,25.2,75.97,79,100,4.54,overcast clouds
102,Thompson,CA,55.7435,-97.8558,35.6,38,20,2.3,few clouds
103,Barrow,US,71.2906,-156.7887,-9.4,77,1,13.8,haze
104,Orocue,CO,4.7912,-71.3354,93.07,41,100,3.76,overcast clouds
105,Khasan,RU,42.4308,130.6434,38.52,54,0,4.25,clear sky
106,Abha,SA,18.2164,42.5053,69.8,42,0,4.61,clear sky
107,Hithadhoo,MV,-0.6,73.0833,83.82,71,100,18.37,overcast clouds
108,Qaanaaq,GL,77.484,-69.3632,-11.63,68,25,6.26,scattered clouds
109,Grand Baie,MU,-20.0182,57.5802,81.0,74,1,5.99,clear sky
110,Dingle,PH,10.9995,122.6711,75.15,88,67,7.29,broken clouds
111,Keuruu,FI,62.2667,24.7,42.8,65,0,17.27,clear sky
112,Ishigaki,JP,24.3448,124.1572,67.53,71,58,27.25,broken clouds
113,Saint-Philippe,RE,-21.3585,55.7679,80.6,78,0,4.61,clear sky
114,Dubti,ET,11.7361,41.0853,91.74,25,5,8.28,clear sky
115,Kruisfontein,ZA,-34.0033,24.7314,64.99,83,93,3.0,overcast clouds
116,Klaksvik,FO,62.2266,-6.589,21.2,79,75,40.29,light snow
117,Torbay,CA,47.6666,-52.7314,45.0,93,90,14.97,mist
118,Strezhevoy,RU,60.7333,77.5889,39.2,60,0,11.18,clear sky
119,Husavik,IS,66.0449,-17.3389,15.8,92,90,18.41,light snow
120,Mar Del Plata,AR,-38.0023,-57.5575,73.4,73,40,17.27,scattered clouds
121,Namatanai,PG,-3.6667,152.4333,77.79,85,85,4.7,light rain
122,Bambous Virieux,MU,-20.3428,57.7575,81.0,75,17,7.0,few clouds
123,Avera,US,33.194,-82.5271,72.0,19,1,5.75,clear sky
124,Vaini,TO,-21.2,-175.2,75.2,78,40,8.05,scattered clouds
125,Andijon,UZ,40.7821,72.3442,46.99,57,100,7.0,overcast clouds
126,San Vicente,AR,-26.6167,-54.1333,77.94,52,100,1.63,overcast clouds
127,Lorengau,PG,-2.0226,147.2712,79.75,82,100,1.59,overcast clouds
128,Komsomolskiy,UZ,40.4272,71.7189,48.2,87,75,6.13,mist
129,North Battleford,CA,52.7834,-108.2847,48.2,49,1,6.91,clear sky
130,Kavaratti,IN,10.5669,72.642,82.36,69,64,13.56,broken clouds
131,Tasiilaq,GL,65.6145,-37.6368,23.0,63,90,13.8,snow
132,Yumen,CN,40.2833,97.2,42.57,50,20,14.83,few clouds
133,Tecoanapa,MX,16.5167,-98.75,86.4,49,0,10.94,clear sky
134,Coihaique,CL,-45.5752,-72.0662,60.8,67,75,5.75,broken clouds
135,Nampula,MZ,-15.1165,39.2666,73.4,94,75,6.91,broken clouds
136,Faya,SA,18.3851,42.4509,69.8,42,0,4.61,clear sky
137,Kibondo,TZ,-3.5864,30.7203,62.6,95,93,1.79,light rain
138,Leningradskiy,RU,69.3833,178.4167,0.12,94,100,5.5,overcast clouds
139,Bandarbeyla,SO,9.4942,50.8122,79.52,78,37,5.73,scattered clouds
140,Finnsnes,NO,69.2296,17.9811,28.4,86,75,4.61,light snow
141,Vuktyl,RU,63.8567,57.3094,24.26,96,100,3.94,overcast clouds
142,Beidao,CN,34.5686,105.8933,44.67,92,100,3.89,overcast clouds
143,Wewak,PG,-3.5534,143.6268,77.83,88,100,4.09,overcast clouds
144,Tuatapere,NZ,-46.1333,167.6833,57.0,73,92,11.99,overcast clouds
145,Cap Malheureux,MU,-19.9842,57.6142,81.0,74,4,5.99,clear sky
146,Surt,LY,31.2089,16.5887,75.11,34,77,7.25,broken clouds
147,Ereymentau,KZ,51.6199,73.1033,35.89,75,100,8.19,overcast clouds
148,Hambantota,LK,6.1241,81.1185,75.2,88,0,2.3,clear sky
149,Kamenka,RU,51.3223,42.7678,37.99,85,98,5.57,overcast clouds
150,Skjervoy,NO,70.0311,20.9714,32.0,64,75,3.44,broken clouds
151,Saldanha,ZA,-33.0117,17.9442,68.0,77,0,6.91,clear sky
152,Luis Correia,BR,-2.8792,-41.6669,84.2,84,40,10.36,scattered clouds
153,Zaraza,VE,9.3503,-65.3245,94.75,36,73,7.2,broken clouds
154,Santander,ES,43.4647,-3.8044,53.6,66,0,4.61,clear sky
155,Tawau,MY,4.2498,117.8871,77.0,94,20,1.14,few clouds
156,Valdivia,CL,-39.8142,-73.2459,69.8,56,0,5.75,clear sky
157,Oranjemund,NA,-28.55,16.4333,62.89,96,35,8.21,scattered clouds
158,Kaputa,ZM,-8.4689,29.6619,70.95,83,55,0.34,light rain
159,Hilo,US,19.7297,-155.09,71.6,78,90,4.61,overcast clouds
160,Belmonte,BR,-15.8631,-38.8828,86.0,74,75,5.75,broken clouds
161,Saint George,US,37.1041,-113.5841,79.0,18,1,2.28,clear sky
162,Mount Gambier,AU,-37.8333,140.7667,57.2,67,62,8.05,broken clouds
163,Ponta Do Sol,PT,32.6667,-17.1,63.0,60,90,3.0,overcast clouds
164,Moron,AR,-34.6534,-58.6198,78.8,47,20,8.05,few clouds
165,Rio Gallegos,AR,-51.6226,-69.2181,44.6,76,40,12.66,scattered clouds
166,Dikson,RU,73.5069,80.5464,8.38,92,100,8.43,light snow
167,Progreso,MX,21.2833,-89.6667,84.2,39,75,4.61,broken clouds
168,Tarabuco,BO,-19.1667,-64.9167,55.51,61,89,9.06,overcast clouds
169,Faanui,PF,-16.4833,-151.75,81.41,76,20,10.29,few clouds
170,Cayenne,GF,4.9333,-52.3333,82.4,83,75,8.05,light rain
171,Sobolevo,RU,54.4299,31.8996,32.95,76,47,6.2,scattered clouds
172,Lazaro Cardenas,MX,17.9583,-102.2,84.92,49,92,9.84,overcast clouds
173,Kyshtovka,RU,56.555,76.6271,28.38,84,100,9.55,overcast clouds
174,Fortuna,US,40.5982,-124.1573,54.0,87,90,3.44,overcast clouds
175,Lamu,KE,-2.2717,40.902,84.2,79,1,4.61,clear sky
176,Laguna,US,38.421,-121.4238,63.0,55,1,3.44,clear sky
177,Aklavik,CA,68.2191,-135.0107,-0.4,71,75,10.36,broken clouds
178,Mogadishu,SO,2.0371,45.3438,82.33,79,93,12.39,overcast clouds
179,Honiara,SB,-9.4333,159.95,77.88,87,40,3.18,scattered clouds
180,Seoul,KR,37.5683,126.9778,42.8,87,0,4.61,clear sky
181,Vila Franca Do Campo,PT,37.7167,-25.4333,60.8,94,40,12.66,scattered clouds
182,Sura Mare,RO,45.85,24.1667,43.0,65,40,4.61,scattered clouds
183,Geraldton,AU,-28.7667,114.6,73.4,83,75,13.8,broken clouds
184,Diego De Almagro,CL,-26.3667,-70.05,81.03,19,23,12.39,few clouds
185,Flinders,AU,-34.5833,150.8552,66.0,88,23,1.01,few clouds
186,Bonfim,BR,3.0833,-59.95,88.14,55,100,8.5,heavy intensity rain
187,Mitsamiouli,KM,-11.3847,43.2844,82.53,75,92,5.82,light rain
188,Bredasdorp,ZA,-34.5322,20.0403,66.2,82,100,3.44,overcast clouds
189,Santiago Del Estero,AR,-27.7951,-64.2615,85.42,43,64,14.43,broken clouds
190,Severo-Kurilsk,RU,50.6789,156.125,27.88,83,93,14.18,overcast clouds
191,Haines Junction,CA,60.7522,-137.5108,30.2,51,100,6.58,overcast clouds
192,Lebu,CL,-37.6167,-73.65,60.71,69,35,12.28,scattered clouds
193,Savonlinna,FI,61.8699,28.88,41.0,60,0,12.66,clear sky
194,Sakaiminato,JP,35.55,133.2333,48.2,93,75,11.5,broken clouds
195,Steamboat Springs,US,40.485,-106.8317,61.0,29,40,4.68,scattered clouds
196,Nome,US,64.5011,-165.4064,-0.99,78,90,25.32,snow
197,Pacific Grove,US,36.6177,-121.9166,59.0,62,1,11.5,clear sky
198,Sitka,US,57.0531,-135.33,37.4,93,90,6.91,light rain
199,Vardo,NO,70.3705,31.1107,35.6,87,75,23.02,broken clouds
200,Marawi,PH,7.9986,124.2928,67.15,95,100,0.27,overcast clouds
201,Nshamba,TZ,-1.7983,31.5511,69.8,88,20,3.02,few clouds
202,Marovoay,MG,-16.1,46.6333,82.4,83,20,4.61,few clouds
203,Yar-Sale,RU,66.8333,70.8333,30.45,98,100,9.01,light snow
204,Oranjestad,AW,12.524,-70.027,78.64,85,89,19.8,overcast clouds
205,Koszeg,HU,47.3892,16.541,39.0,57,50,1.01,scattered clouds
206,Jasper,US,37.2001,-94.3502,72.0,52,1,12.66,clear sky
207,Chokurdakh,RU,70.6333,147.9167,-29.85,100,49,4.34,scattered clouds
208,Durango,MX,24.8333,-104.8333,76.91,12,0,2.06,clear sky
209,Pevek,RU,69.7008,170.3133,-13.22,97,98,9.13,overcast clouds
210,Copiapo,CL,-27.3667,-70.3333,73.4,49,0,10.36,clear sky
211,Santiago,CL,-33.4569,-70.6483,72.0,67,75,4.61,broken clouds
212,Nizwa,OM,22.9333,57.5333,83.64,21,2,9.04,clear sky
213,San Patricio,US,28.017,-97.5169,78.01,60,75,12.66,broken clouds
214,Namibe,AO,-15.1961,12.1522,78.51,85,93,6.08,overcast clouds
215,Sangar,RU,63.9242,127.4739,-23.17,99,100,0.65,overcast clouds
216,Karratha,AU,-20.7377,116.8463,82.2,47,1,6.89,clear sky
217,Zaokskiy,RU,54.7306,37.4089,30.99,90,6,5.12,clear sky
218,Alekseyevsk,RU,57.8406,108.3492,18.19,94,100,4.34,overcast clouds
219,Xingyi,CN,24.1877,102.817,55.22,78,100,3.15,overcast clouds
220,Necochea,AR,-38.5473,-58.7368,82.99,41,0,11.01,clear sky
221,Palmerston,AU,-12.486,130.9833,75.2,94,100,4.61,overcast clouds
222,Aykhal,RU,66.0,111.5,-21.08,100,100,5.1,overcast clouds
223,Chipinge,ZW,-20.1883,32.6236,60.03,93,6,3.09,clear sky
224,Colon,PA,9.3592,-79.9014,86.0,66,100,14.0,overcast clouds
225,Inyonga,TZ,-6.7167,32.0667,65.43,94,97,4.14,light rain
226,Novyy Urgal,RU,51.0736,132.5642,21.97,84,30,2.46,scattered clouds
227,Bakchar,RU,57.0186,82.0711,28.8,98,100,4.38,overcast clouds
228,Port Keats,AU,-14.25,129.55,76.91,81,100,5.97,overcast clouds
229,Marsa Matruh,EG,31.3525,27.2453,77.0,20,0,5.75,clear sky
230,Machachi,EC,-0.5,-78.5667,69.8,82,90,16.11,light rain
231,Kahului,US,20.8947,-156.47,71.6,100,40,17.27,moderate rain
232,Chester,US,40.1254,-75.8749,64.99,31,20,17.27,few clouds
233,Labuhan,ID,-6.8844,112.2051,76.48,90,100,7.11,overcast clouds
234,Easthampton,US,42.2668,-72.669,57.99,28,1,8.05,clear sky
235,Ulu-Telyak,RU,54.9086,56.9669,32.59,98,100,6.53,snow
236,Rio Grande,BR,-32.035,-52.0986,80.6,61,40,19.57,scattered clouds
237,Brae,GB,60.3964,-1.353,28.4,93,75,27.63,light snow
238,Bafoulabe,ML,13.8065,-10.8321,99.23,7,11,2.75,few clouds
239,Longyearbyen,SJ,78.2186,15.6401,24.8,68,75,27.63,broken clouds
240,Itarema,BR,-2.9248,-39.9167,82.62,76,100,14.7,overcast clouds
241,Burnie,AU,-41.0667,145.9167,54.27,80,1,8.86,clear sky
242,Nipawin,CA,53.3668,-104.0009,41.0,65,1,12.66,clear sky
243,Nishihara,JP,26.1842,127.7558,66.2,68,75,18.41,broken clouds
244,Grande Prairie,CA,55.1667,-118.8027,41.0,56,75,18.41,broken clouds
245,Caramay,PH,10.1815,119.236,77.76,83,100,4.85,overcast clouds
246,Syedove,UA,47.0768,38.156,39.0,100,100,8.99,overcast clouds
247,Touros,BR,-5.1989,-35.4608,84.2,74,40,13.8,scattered clouds
248,Kjopsvik,NO,68.097,16.3742,32.0,80,40,8.05,scattered clouds
249,Garowe,SO,8.4054,48.4845,78.94,63,45,14.12,scattered clouds
250,Chuy,UY,-33.6971,-53.4616,74.1,71,29,11.7,scattered clouds
251,Gat,IL,31.61,34.7642,63.0,9,0,8.19,clear sky
252,Clyde River,CA,70.4692,-68.5914,-9.4,77,1,9.22,clear sky
253,Sokoni,TZ,-6.4333,39.55,82.4,78,20,13.8,few clouds
254,San Cristobal,VE,7.7669,-72.225,82.4,83,40,10.36,scattered clouds
255,Tselinnoye,RU,53.0833,85.6667,21.96,90,0,4.23,clear sky
256,Itaobim,BR,-16.5667,-41.8333,79.47,76,93,6.08,overcast clouds
257,Victoria,HK,22.2855,114.1577,73.0,88,100,1.99,overcast clouds
258,Atuona,PF,-9.8,-139.0333,80.46,81,36,11.1,scattered clouds
259,Aasiaat,GL,68.7098,-52.8699,19.76,55,100,17.94,overcast clouds
260,Hokitika,NZ,-42.7167,170.9667,62.08,93,100,12.48,overcast clouds
261,Bathsheba,BB,13.2167,-59.5167,84.2,54,40,16.11,scattered clouds
262,Kutum,SD,14.2,24.6667,74.73,14,22,9.62,few clouds
263,Areia Branca,BR,-4.9561,-37.1369,93.2,59,40,12.66,scattered clouds
264,Totness,SR,5.8833,-56.3167,81.0,81,99,10.49,overcast clouds
265,Ambon,ID,-3.6954,128.1814,78.8,89,40,3.44,scattered clouds
266,Kodinsk,RU,58.6881,99.1844,16.43,99,96,2.1,overcast clouds
267,Ust-Kut,RU,56.7938,105.7672,23.22,98,100,2.06,overcast clouds
268,Wilmington,US,34.2257,-77.9447,73.0,23,1,4.61,clear sky
269,Saint-Paul,RE,-21.0096,55.2707,80.6,74,14,11.5,few clouds
270,Codrington,AU,-38.2667,141.9667,58.46,63,100,9.28,overcast clouds
271,Ulcinj,ME,41.9294,19.2244,51.8,40,20,12.66,few clouds
272,Saint-Francois,FR,46.4154,3.9054,46.99,63,1,1.01,clear sky
273,Kununurra,AU,-15.7667,128.7333,69.8,94,89,2.3,light rain
274,Vanavara,RU,60.34,102.2797,6.01,97,97,4.34,overcast clouds
275,Taveta,KE,-3.3963,37.6736,77.0,69,75,8.66,light rain
276,Donskoye,RU,45.4552,41.9741,51.8,76,40,11.18,light rain
277,Nago,JP,26.5881,127.9761,64.4,68,90,17.27,overcast clouds
278,Rawson,AR,-43.3002,-65.1023,86.38,25,26,19.82,scattered clouds
279,High Level,CA,58.5169,-117.136,35.6,60,40,3.44,scattered clouds
280,Chapais,CA,49.7834,-74.8492,41.0,56,90,6.91,overcast clouds
281,Araouane,ML,18.9048,-3.5265,85.78,7,19,2.15,few clouds
282,Catamarca,AR,-28.4696,-65.7852,81.0,67,20,11.01,few clouds
283,Mmabatho,ZA,-25.85,25.6333,68.0,64,0,2.3,clear sky
284,Lamar,US,33.6668,-95.5836,69.8,56,75,9.22,broken clouds
285,Pauini,BR,-7.7136,-66.9764,84.9,74,49,3.13,scattered clouds
286,Alice Springs,AU,-23.7,133.8833,57.2,72,0,4.61,clear sky
287,College,US,64.8569,-147.8028,33.8,86,90,10.36,snow
288,Olafsvik,IS,64.8945,-23.7142,19.53,53,100,18.84,overcast clouds
289,Isangel,VU,-19.55,169.2667,75.88,74,32,15.79,scattered clouds
290,Buraydah,SA,26.326,43.975,68.0,28,0,6.91,clear sky
291,Hurghada,EG,27.2574,33.8129,75.2,33,0,9.22,clear sky
292,Ilulissat,GL,69.2167,-51.1,21.2,53,75,6.91,broken clouds
293,Poronaysk,RU,49.2167,143.1167,20.35,87,86,2.17,overcast clouds
294,Lasa,IT,46.6166,10.7002,57.2,48,0,4.61,clear sky
295,Dalvik,IS,65.9702,-18.5286,15.8,92,90,18.41,light snow
296,Waipawa,NZ,-41.4122,175.5153,64.4,82,75,14.97,broken clouds
297,Antofagasta,CL,-23.65,-70.4,69.8,60,0,11.5,clear sky
298,Airai,TL,-8.9266,125.4092,60.6,94,100,4.23,light rain
299,Stephenville,US,32.2207,-98.2023,69.8,56,75,11.5,broken clouds
300,Iqaluit,CA,63.7506,-68.5145,10.4,79,20,4.61,few clouds
301,Turlock,US,37.4947,-120.8466,61.0,54,1,4.61,clear sky
302,Agadir,MA,30.4202,-9.5982,69.8,52,0,13.8,clear sky
303,Beringovskiy,RU,63.05,179.3167,-10.12,95,7,4.72,clear sky
304,Lata,PT,40.1629,-8.3327,64.99,52,0,9.22,clear sky
305,Yerofey Pavlovich,RU,53.9667,121.9667,19.99,97,53,3.49,broken clouds
306,Mount Isa,AU,-20.7333,139.5,71.6,68,75,5.75,broken clouds
307,Leshukonskoye,RU,64.8989,45.7622,28.35,90,75,7.92,broken clouds
308,Dandong,CN,40.1292,124.3947,42.04,41,0,3.58,clear sky
309,Bengkulu,ID,-3.8004,102.2655,77.49,80,100,9.33,overcast clouds
310,Khowst,AF,33.3833,69.8833,57.72,60,89,2.57,overcast clouds
311,Rehoboth,NA,-23.3167,17.0833,78.62,26,50,7.11,scattered clouds
312,Olovyannaya,RU,50.95,115.5667,33.08,66,96,16.17,overcast clouds
313,Jiwani,PK,25.05,61.7417,81.73,69,1,5.91,clear sky
314,Comonfort,MX,20.7167,-100.7667,75.99,28,13,1.99,few clouds
315,Bilma,NE,18.6853,12.9164,82.85,7,0,7.18,clear sky
316,Launceston,AU,-41.45,147.1667,45.0,87,0,2.28,clear sky
317,Sakakah,SA,29.9697,40.2064,68.0,12,0,4.61,clear sky
318,Yarmouth,US,41.7057,-70.2286,53.6,19,1,16.11,clear sky
319,Baoqing,CN,46.3317,132.2111,35.26,45,27,7.83,scattered clouds
320,Zeya,RU,53.75,127.2667,17.31,96,100,3.42,overcast clouds
321,Joao Camara,BR,-5.5375,-35.8197,84.2,74,40,13.8,scattered clouds
322,Dudinka,RU,69.4058,86.1778,12.79,93,100,12.37,light snow
323,Charters Towers,AU,-20.1,146.2667,69.82,94,100,10.49,overcast clouds
324,Sao Jose Da Coroa Grande,BR,-8.8978,-35.1478,82.22,73,19,9.44,few clouds
325,Kribi,CM,2.95,9.9167,81.46,81,99,9.57,overcast clouds
326,Cherskiy,RU,68.75,161.3,-18.63,100,87,3.06,overcast clouds
327,Padang,ID,-0.9492,100.3543,75.2,94,20,2.3,few clouds
328,Axim,GH,4.8699,-2.2405,80.87,86,0,10.07,clear sky
329,Byron Bay,AU,-28.65,153.6167,68.0,94,40,3.44,light rain
330,Ust-Tsilma,RU,65.441,52.1498,22.46,98,41,4.18,scattered clouds
331,Bethanien,NA,-26.502,17.1583,85.26,23,100,5.86,overcast clouds
332,Zalari,RU,53.5584,102.5065,31.1,99,99,3.44,light snow
333,Panguna,PG,-6.3164,155.4848,68.34,95,100,2.1,light rain
334,Sorland,NO,67.667,12.6934,33.8,64,75,12.66,broken clouds
335,Jiuquan,CN,39.7432,98.5174,42.89,61,76,5.82,broken clouds
336,Becerril,CO,9.7041,-73.2793,87.78,55,100,1.23,overcast clouds
337,Ust-Uda,RU,54.1742,103.0304,22.53,98,93,2.3,overcast clouds
338,Saint-Augustin,CA,51.226,-58.6502,37.29,99,100,15.35,overcast clouds
339,Iskateley,RU,67.6803,53.1512,11.39,96,34,7.23,scattered clouds
340,Awbari,LY,26.5921,12.7805,79.23,9,12,13.13,few clouds
341,Amapa,BR,1.0,-52.0,79.3,94,79,4.12,broken clouds
342,Chulumani,BO,-16.4096,-67.5263,68.68,91,100,3.47,light rain
343,Ouadda,CF,8.0777,22.4007,84.96,14,66,9.71,broken clouds
344,San Jose,US,37.3394,-121.895,62.01,54,75,4.61,broken clouds
345,Lashio,MM,22.9333,97.75,66.83,54,100,2.21,overcast clouds
346,Kirillov,RU,59.863,38.3813,37.4,65,40,8.95,light rain
347,Polyarnyy,RU,69.1989,33.4478,33.8,86,40,11.18,light rain
348,Roald,NO,62.5833,6.1333,32.0,69,75,21.85,light snow
349,Kuching,MY,1.55,110.3333,78.8,89,20,3.44,few clouds
350,Klyuchi,RU,52.2667,79.1667,25.68,86,100,7.7,overcast clouds
351,Mayo,US,38.8876,-76.5119,69.01,34,1,10.36,haze
352,Te Anau,NZ,-45.4167,167.7167,54.03,74,96,9.75,overcast clouds
353,Olopa,GT,14.6833,-89.35,86.0,56,90,18.41,overcast clouds
354,Fort Nelson,CA,58.8053,-122.7002,42.8,28,20,12.66,few clouds
355,Los Llanos De Aridane,ES,28.6585,-17.9182,68.0,60,75,2.59,broken clouds
356,Inzer,RU,54.2167,57.5556,35.37,98,100,5.28,moderate rain
357,Sola,VU,-13.8833,167.55,79.7,81,100,17.67,light rain
358,Turukhansk,RU,65.8167,87.9833,22.62,95,100,16.93,light snow
359,Kabrai,IN,25.4167,80.0167,83.7,6,0,2.42,clear sky
360,Grindavik,IS,63.8424,-22.4338,19.4,53,75,20.71,broken clouds
361,Tsaratanana,MG,-16.7833,47.65,75.2,83,14,3.58,few clouds
362,Sistranda,NO,63.7256,8.834,35.6,69,75,25.32,broken clouds
363,Sandwick,GB,60.0,-1.25,28.4,93,75,27.63,light snow
364,Auki,SB,-8.7676,160.7034,77.85,85,100,4.21,overcast clouds
365,Walvis Bay,NA,-22.9575,14.5053,75.24,53,5,14.52,clear sky
366,Lompoc,US,34.6391,-120.4579,62.01,55,48,13.8,scattered clouds
367,Jingdezhen,CN,29.2947,117.2079,54.25,81,100,3.44,light rain
368,Grand Gaube,MU,-20.0064,57.6608,81.0,74,1,5.99,clear sky
369,Trinidad,BO,-14.8333,-64.9,82.4,83,75,5.64,broken clouds
370,Martapura,ID,-3.4167,114.85,77.0,94,20,2.3,few clouds
371,Karachi,PK,24.9056,67.0822,78.8,65,4,6.91,clear sky
372,Columbus,US,39.9612,-82.9988,71.01,32,40,3.44,scattered clouds
373,Adrar,MR,20.5022,-10.0711,89.2,13,100,9.22,overcast clouds
374,Fergus Falls,US,46.283,-96.0776,69.01,26,1,11.5,clear sky
375,Mocajuba,BR,-2.5842,-49.5072,85.19,74,99,3.0,overcast clouds
376,Kavieng,PG,-2.5744,150.7967,79.36,82,100,9.08,light rain
377,Kamaishi,JP,39.2667,141.8833,46.31,94,100,16.2,overcast clouds
378,Ruteng,ID,-8.6136,120.4721,62.78,94,100,5.57,light rain
379,Calama,CL,-22.4667,-68.9333,69.8,26,40,23.02,scattered clouds
380,Veraval,IN,20.9,70.3667,78.6,79,0,8.32,clear sky
381,Hasaki,JP,35.7333,140.8333,64.4,100,75,4.61,moderate rain
382,Tautira,PF,-17.7333,-149.15,80.6,78,40,3.44,scattered clouds
383,Nelson Bay,AU,-32.7167,152.15,66.99,94,100,6.71,overcast clouds
384,Neuquen,AR,-38.9516,-68.0591,86.0,39,0,8.05,clear sky
385,Escondido,US,33.1192,-117.0864,77.0,16,1,5.75,clear sky
386,Belaya Gora,RU,68.5333,146.4167,-6.2,98,100,7.29,overcast clouds
387,Lensk,RU,60.7253,114.9278,5.86,95,100,5.84,overcast clouds
388,Quelimane,MZ,-17.8786,36.8883,80.6,74,20,5.75,few clouds
389,Nayoro,JP,44.3506,142.4578,31.08,79,100,4.97,overcast clouds
390,Dunedin,NZ,-45.8742,170.5036,54.0,79,2,16.22,clear sky
391,Montepuez,MZ,-13.1256,38.9997,69.01,98,41,4.05,scattered clouds
392,Dongsheng,CN,39.8161,109.9776,42.51,61,100,15.41,overcast clouds
393,Svolvaer,NO,68.2342,14.5683,32.0,59,40,5.75,scattered clouds
394,Acapulco,MX,16.8634,-99.8901,86.0,70,1,5.75,clear sky
395,Mersing,MY,2.4312,103.8405,78.71,85,11,3.04,few clouds
396,Buala,SB,-8.145,159.5921,79.65,85,34,4.21,light rain
397,Paamiut,GL,61.994,-49.6678,38.52,76,84,27.2,broken clouds
398,Maceio,BR,-9.6658,-35.7353,82.4,78,75,12.66,broken clouds
399,Dongobesh,TZ,-4.0667,35.3833,57.29,92,99,5.91,overcast clouds
400,Kargasok,RU,59.0556,80.8572,30.92,85,100,9.06,overcast clouds
401,Togur,RU,58.3631,82.8265,28.98,93,100,6.8,overcast clouds
402,Tual,ID,-5.6667,132.75,83.66,70,40,5.26,scattered clouds
403,Hangu,CN,39.2489,117.7892,51.8,54,0,2.24,clear sky
404,Gold Coast,AU,-28.0,153.4333,69.01,94,75,9.22,light rain
405,Nantucket,US,41.2835,-70.0995,50.0,37,1,16.11,clear sky
406,Grafton,US,42.207,-71.6856,59.0,16,1,12.66,clear sky
407,Mayna,RU,54.1135,47.6231,31.44,88,80,6.8,broken clouds
408,Ribeira Grande,PT,38.5167,-28.7,60.8,94,75,17.27,broken clouds
409,Strelka,RU,58.0728,93.0344,33.35,99,100,2.93,overcast clouds
410,Chinsali,ZM,-10.5414,32.0816,63.45,96,21,6.73,few clouds
411,Demak,ID,-6.8909,110.6396,75.6,92,100,6.26,overcast clouds
412,Westport,US,41.1415,-73.3579,60.01,25,1,8.05,clear sky
413,Sechura,PE,-5.5569,-80.8222,82.27,58,30,12.39,scattered clouds
414,Constitucion,CL,-35.3333,-72.4167,62.1,71,18,9.04,few clouds
415,Takoradi,GH,4.8845,-1.7554,81.09,84,4,9.82,clear sky
416,Yemelyanovo,RU,56.1681,92.6767,26.6,100,85,2.19,mist
417,Colesberg,ZA,-30.72,25.0972,70.59,34,0,6.55,clear sky
418,Atar,MR,20.5169,-13.0499,100.4,19,96,6.91,overcast clouds
419,Baherden,TM,38.4362,57.4316,57.69,45,0,5.5,clear sky
420,Santa Lucia,ES,27.9117,-15.5407,68.0,56,20,18.41,few clouds
421,Batavia,US,41.85,-88.3126,73.99,33,1,6.91,clear sky
422,Caravelas,BR,-17.7125,-39.2481,80.8,68,100,8.86,overcast clouds
423,Inuvik,CA,68.3499,-133.7218,6.8,66,100,8.05,overcast clouds
424,San Luis,AR,-33.295,-66.3356,80.06,38,96,12.5,overcast clouds
425,Wagar,SD,16.1525,36.2032,82.8,26,3,15.55,clear sky
426,Akyab,MM,20.15,92.9,77.63,81,0,7.94,clear sky
427,Melykut,HU,46.2151,19.381,42.01,64,35,3.4,scattered clouds
428,Tonj,SS,7.2737,28.6822,88.79,18,79,4.79,broken clouds
429,Saint Anthony,US,45.0205,-93.218,78.8,25,1,13.8,clear sky
430,Baturaja,ID,-4.1333,104.1667,73.58,94,99,0.98,overcast clouds
431,Vostok,RU,46.4856,135.8833,20.44,72,1,5.44,clear sky
432,Kitui,KE,-1.367,38.0106,67.35,90,100,6.35,light rain
433,Ixtapa,MX,20.7,-105.2,78.8,73,1,11.5,clear sky
434,Port Shepstone,ZA,-30.7414,30.455,67.73,80,0,8.03,clear sky
435,Half Moon Bay,US,37.4636,-122.4286,61.0,66,90,10.36,overcast clouds
436,Abrau-Dyurso,RU,44.69,37.59,50.0,87,100,11.18,light rain
437,Doha,QA,25.2867,51.5333,71.6,49,0,12.66,clear sky
438,Palmas Bellas,PA,9.2319,-80.0867,86.0,70,88,3.0,overcast clouds
439,Beloha,MG,-25.1667,45.05,68.47,88,2,7.18,light rain
440,Ancud,CL,-41.8697,-73.8203,71.01,55,0,9.22,clear sky
441,Beaverlodge,CA,55.2166,-119.4361,41.0,56,75,18.41,broken clouds
442,Korla,CN,41.7597,86.1469,49.87,25,0,15.84,clear sky
443,Whitecourt,CA,54.1502,-115.6855,37.4,81,75,20.71,broken clouds
444,Wajima,JP,37.4,136.9,46.45,72,100,15.84,overcast clouds
445,Degtyarsk,RU,56.704,60.0879,37.4,87,75,4.47,broken clouds
446,Bouna,CI,9.2667,-3.0,91.72,32,11,2.75,few clouds
447,Chama,CH,47.1821,8.4636,48.2,43,0,3.44,clear sky
448,Coahuayana,MX,18.7333,-103.6833,84.2,34,40,8.43,scattered clouds
449,Muroto,JP,33.2833,134.15,60.66,83,100,14.23,overcast clouds
450,Sabang,ID,5.8933,95.3214,82.45,73,100,11.5,overcast clouds
451,Domoni,KM,-12.2569,44.5319,80.53,84,88,7.23,light rain
452,Mayumba,GA,-3.432,10.6554,79.86,88,99,8.61,overcast clouds
453,Hohhot,CN,40.8106,111.6522,35.6,41,0,4.47,light rain
454,Wajir,KE,1.7471,40.0573,87.69,52,98,11.52,overcast clouds
455,Pangnirtung,CA,66.1451,-65.7125,14.0,57,75,9.22,broken clouds
456,Parana,AR,-31.732,-60.5238,87.01,40,96,3.0,overcast clouds
457,Harper,LR,4.375,-7.7169,80.47,82,79,5.66,broken clouds
458,Sundsvall,SE,62.3913,17.3063,44.01,56,40,5.75,scattered clouds
459,Sao Filipe,CV,14.8961,-24.4956,75.33,69,30,6.91,scattered clouds
460,Burgersdorp,ZA,-30.9977,26.3286,64.22,39,0,3.22,clear sky
461,Wentzville,US,38.8114,-90.8529,73.4,43,1,4.61,clear sky
462,Galveston,US,29.3669,-94.9669,73.4,64,90,10.36,overcast clouds
463,Normandin,CA,48.8333,-72.5321,42.8,33,100,3.44,overcast clouds
464,Fare,PF,-16.7,-151.0167,81.21,77,22,11.77,few clouds
465,Farafangana,MG,-22.8167,47.8333,76.24,91,1,11.01,moderate rain
466,Colares,PT,38.7992,-9.4469,64.99,72,20,9.22,few clouds
467,Bokoro,TD,12.3807,17.0568,91.51,13,3,9.31,clear sky
468,Griffith,US,41.5284,-87.4237,75.0,30,1,8.05,clear sky
469,Nokaneng,BW,-19.6667,22.2667,76.41,39,0,6.96,clear sky
470,Betare Oya,CM,5.6,14.0833,83.75,28,100,3.49,overcast clouds
471,Portland,US,45.5234,-122.6762,57.0,58,75,10.36,broken clouds
472,Sumbe,AO,-11.2061,13.8437,79.02,83,100,5.61,overcast clouds
473,Canatlan,MX,24.5167,-104.7833,78.01,10,1,2.3,clear sky
474,Guerrero Negro,MX,27.9769,-114.0611,70.09,56,0,14.34,clear sky
475,Flin Flon,CA,54.7682,-101.865,42.8,33,90,12.66,overcast clouds
476,Wylie,US,33.0151,-96.5389,69.01,63,90,9.22,overcast clouds
477,Lokoja,NG,7.8024,6.743,92.25,27,40,1.34,scattered clouds
478,Port Lincoln,AU,-34.7333,135.8667,62.11,83,0,12.95,clear sky
479,Bilibino,RU,68.0546,166.4372,-21.12,98,47,3.22,scattered clouds
480,Kawalu,ID,-7.3817,108.2082,72.95,97,100,2.24,overcast clouds
481,Mehamn,NO,71.0357,27.8492,33.8,93,75,5.75,broken clouds
482,Gamba,GA,-2.65,10.0,78.75,90,100,6.71,moderate rain
483,Shirwal,IN,18.1333,73.9833,75.78,58,11,6.2,few clouds
484,Aquiraz,BR,-3.9014,-38.3911,87.8,62,20,16.11,few clouds
485,Purpe,RU,64.4803,76.6897,32.31,94,100,14.05,overcast clouds
486,Kifri,IQ,34.6959,44.9661,62.37,38,0,8.68,clear sky
487,Sokolovo,RU,52.5318,84.7896,29.08,98,89,4.88,overcast clouds
488,Djambala,CG,-2.5447,14.7533,74.08,77,100,3.42,overcast clouds
489,Port Macquarie,AU,-31.4333,152.9167,66.2,94,100,5.75,light rain
490,Taltal,CL,-25.4,-70.4833,70.29,66,12,6.71,few clouds
491,Baijiantan,CN,45.6333,85.1833,50.07,27,0,2.86,clear sky
492,Turan,VN,16.0678,108.2208,77.0,88,20,3.74,few clouds
493,Comodoro Rivadavia,AR,-45.8667,-67.5,82.4,24,0,14.97,clear sky
494,Ketchikan,US,55.3422,-131.6461,41.2,72,99,2.93,overcast clouds
495,Bo Phloi,TH,14.3236,99.5161,82.0,79,97,5.93,overcast clouds
496,Salalah,OM,17.0151,54.0924,80.6,83,0,3.44,clear sky
497,Alyangula,AU,-13.8483,136.4192,78.4,63,18,3.0,few clouds
498,Srandakan,ID,-7.9386,110.2506,75.97,91,100,3.58,overcast clouds
499,Port Moresby,PG,-9.4431,147.1797,77.0,94,75,3.44,broken clouds
500,Margate,GB,51.3813,1.3862,52.0,65,19,3.0,few clouds
501,Ushtobe,KZ,45.2514,77.9838,48.76,56,100,8.5,overcast clouds
502,Guiyang,CN,26.5833,106.7167,46.4,100,90,8.95,mist
503,Karbinci,MK,41.8167,22.2375,39.2,93,90,3.44,overcast clouds
504,Smithers,CA,54.7804,-127.1743,33.8,69,20,3.44,few clouds
505,Waingapu,ID,-9.6567,120.2641,78.42,79,100,15.43,moderate rain
506,Sembabule,UG,-0.0772,31.4567,65.77,93,100,2.91,moderate rain
507,Gardiner,US,44.2301,-69.7753,54.0,24,1,24.16,clear sky
508,Suluq,LY,31.6682,20.2521,77.2,14,100,12.57,overcast clouds
509,Deming,US,32.2687,-107.7586,75.2,29,1,3.44,clear sky
510,Inhambane,MZ,-23.865,35.3833,75.0,68,0,6.91,clear sky
511,Tabou,CI,4.423,-7.3528,80.6,81,59,6.31,broken clouds
512,Natal,BR,-5.795,-35.2094,86.0,70,40,14.97,scattered clouds
513,Komatipoort,ZA,-25.4332,31.9548,70.0,89,0,3.18,clear sky
514,Rocha,UY,-34.4833,-54.3333,74.01,70,72,10.83,broken clouds
515,Camacha,PT,33.0833,-16.3333,64.4,63,20,4.61,few clouds
516,Turayf,SA,31.6725,38.6637,62.6,31,0,5.75,clear sky
517,Scarborough,GB,54.2797,-0.4044,48.0,69,100,3.0,overcast clouds
518,Whitehorse,CA,60.7161,-135.0538,27.0,63,75,13.8,broken clouds
519,Togitsu,JP,32.8333,129.85,57.0,76,59,20.0,broken clouds
520,Yulara,AU,-25.2406,130.9889,64.4,45,0,5.75,clear sky
521,Marshalltown,US,42.0494,-92.908,77.0,31,1,21.85,clear sky
522,Tiksi,RU,71.6872,128.8694,-19.82,100,100,4.81,overcast clouds
523,Vila Velha,BR,-20.3297,-40.2925,82.4,61,20,17.27,few clouds
524,Lavrentiya,RU,65.5833,-171.0,-6.66,81,68,8.72,broken clouds
525,Antipino,RU,57.1068,65.7576,37.4,81,75,6.71,broken clouds
526,Vanimo,PG,-2.6741,141.3028,78.28,88,97,5.01,overcast clouds
527,Cidreira,BR,-30.1811,-50.2056,75.0,72,9,15.84,clear sky
528,Qeshm,IR,26.9581,56.2719,78.8,69,39,6.91,haze
529,Sioux Lookout,CA,50.1001,-91.917,55.4,33,75,8.05,broken clouds
530,Vernon,CA,50.2581,-119.2691,50.0,42,48,5.75,scattered clouds
531,Kaeo,NZ,-35.1,173.7833,48.99,95,100,3.04,overcast clouds
532,Virginia Beach,US,36.8529,-75.978,73.4,23,20,11.5,few clouds
533,Kulhudhuffushi,MV,6.6221,73.07,83.95,66,51,12.64,broken clouds
534,Puerto Narino,CO,-3.7703,-70.3831,87.8,62,40,5.75,scattered clouds
535,Khorinsk,RU,52.1657,109.7726,26.96,86,28,6.35,scattered clouds
536,Thunder Bay,CA,48.4001,-89.3168,50.0,43,75,17.27,broken clouds
537,Lakatoro,VU,-16.0999,167.4164,79.5,86,98,10.25,overcast clouds
538,Aden,YE,12.7794,45.0367,81.39,58,31,5.97,scattered clouds
539,Alofi,NU,-19.0595,-169.9187,73.4,100,98,3.44,overcast clouds
540,Okhotsk,RU,59.3833,143.3,18.66,96,100,0.69,light snow
541,San Blas,MX,21.5167,-105.2667,86.0,32,1,8.21,clear sky
542,Karibib,NA,-21.9333,15.8333,80.04,31,6,5.37,clear sky
543,Manga,BF,11.6636,-1.0731,91.98,9,5,5.55,clear sky
544,La Roda,ES,39.2167,-2.15,59.0,63,40,8.05,scattered clouds
545,Puerto Escondido,MX,15.85,-97.0667,86.0,74,1,11.5,clear sky
546,Puerto Colombia,CO,10.9878,-74.9547,86.0,62,20,17.27,few clouds
547,Paracuru,BR,-3.41,-39.0306,84.0,71,72,18.99,broken clouds
548,Peniche,PT,39.3558,-9.3811,66.0,79,0,7.0,clear sky
549,Mecca,SA,21.4267,39.8261,78.91,32,100,7.14,overcast clouds
550,Soconusco,MX,17.9667,-94.8667,78.8,53,40,11.5,scattered clouds
551,Mana,GF,5.6592,-53.7767,81.55,78,80,10.58,broken clouds
552,Asau,RO,46.4333,26.4,37.0,55,35,3.58,scattered clouds
553,Ati,TD,13.2154,18.3353,88.7,12,97,9.8,overcast clouds
554,Teguise,ES,29.0605,-13.564,69.8,52,20,13.8,few clouds
555,Mattoon,US,39.4831,-88.3728,75.99,40,1,6.91,clear sky
556,Odda,NO,60.0691,6.5457,36.0,88,100,11.99,snow
557,Eureka,US,40.8021,-124.1637,53.01,73,100,4.0,overcast clouds
558,Demba,CD,-5.51,22.2667,68.67,98,86,3.24,overcast clouds
559,Vargashi,RU,55.3556,65.8467,32.47,98,100,8.34,overcast clouds
560,Hirtshals,DK,57.5881,9.9592,44.01,87,90,29.93,overcast clouds
561,Moose Factory,CA,51.2585,-80.6094,37.4,75,1,11.5,clear sky
562,Dwarka,IN,22.2394,68.9678,80.1,75,0,12.71,clear sky
563,Musafirkhana,IN,26.3667,81.8,79.16,7,3,6.96,clear sky
564,Sheltozero,RU,61.3667,35.3667,34.38,96,100,14.16,light snow
565,The Valley,AI,18.217,-63.0578,84.2,65,40,12.66,scattered clouds
566,Provideniya,RU,64.3833,-173.3,-1.62,84,15,6.2,few clouds
567,Praia Da Vitoria,PT,38.7333,-27.0667,61.0,88,75,11.23,broken clouds
568,Gravdal,NO,68.1214,13.5031,28.4,93,40,4.61,light snow
569,Ginda,IN,30.6945,78.4932,56.46,27,99,6.76,overcast clouds
570,Opuwo,NA,-18.0607,13.84,75.79,42,4,5.5,clear sky
571,Tromso,NO,69.6496,18.957,30.2,80,75,3.44,broken clouds
572,Jumla,NP,29.2747,82.1838,44.6,23,100,3.74,overcast clouds
573,Beyneu,KZ,45.3167,55.2,49.98,68,11,9.84,few clouds
574,Uvalde,US,29.3669,-99.767,68.0,72,90,11.5,overcast clouds
575,Petatlan,MX,17.5167,-101.2667,86.0,66,1,6.91,clear sky
576,Castelldefels,ES,41.2779,1.9703,60.01,67,0,4.61,clear sky
577,Muros,ES,42.7762,-9.0603,64.4,52,0,11.5,clear sky
578,Francisco Morato,BR,-23.2817,-46.7453,78.01,57,20,11.5,few clouds
579,Vicuna,CL,-30.0319,-70.7081,64.4,68,90,8.05,overcast clouds
580,Herat,AF,34.5,62.0,53.6,37,0,5.75,clear sky
581,Simao,CN,22.7886,100.9748,58.15,93,100,1.32,light rain
582,Cockburn Town,TC,21.4612,-71.1419,77.0,61,75,17.27,broken clouds
583,La Ronge,CA,55.1001,-105.2842,35.6,80,100,11.5,overcast clouds
584,Khani,GE,41.9563,42.9566,51.8,71,0,6.91,clear sky
585,Iralaya,HN,15.0,-83.2333,77.0,88,90,16.11,overcast clouds
586,Amos,CA,48.5669,-78.1162,50.0,61,40,8.05,scattered clouds
587,Arlit,NE,18.7369,7.3853,82.62,6,2,7.4,clear sky
588,Bacungan,PH,9.9106,118.7022,78.8,89,20,6.91,few clouds
589,Presidente Medici,BR,-11.1753,-61.9014,77.47,94,100,3.69,overcast clouds
590,Atherton,GB,53.5237,-2.4935,48.99,74,100,8.01,overcast clouds
591,Wapakoneta,US,40.5678,-84.1936,69.01,34,1,1.79,clear sky
592,Porto Novo,BJ,6.4965,2.6036,86.0,79,40,13.8,scattered clouds
593,Bhadravati,IN,13.8667,75.7167,71.74,86,6,7.07,clear sky
594,Olinda,BR,-8.0089,-34.8553,82.4,69,75,8.05,broken clouds
595,Ola,RU,59.5833,151.2833,13.03,71,100,7.49,overcast clouds
596,Novi Sanzhary,UA,49.3439,34.3108,43.18,65,72,3.13,broken clouds
597,Sinnamary,GF,5.3833,-52.95,79.32,85,99,9.82,heavy intensity rain
598,Asyut,EG,27.181,31.1837,77.0,18,0,14.97,clear sky
599,Sergeyevka,KZ,53.88,67.4158,29.95,93,100,5.46,overcast clouds
600,Lichinga,MZ,-13.3128,35.2406,64.4,94,75,11.5,broken clouds
601,Hervey Bay,AU,-25.2986,152.8535,73.0,97,100,5.01,overcast clouds
602,Ugoofaaru,MV,5.6667,73.0,84.52,66,100,11.68,overcast clouds
603,Rapar,IN,23.5667,70.6333,82.26,47,0,13.65,clear sky
604,Hovd,MN,48.0056,91.6419,31.57,23,14,0.87,few clouds
605,Sahuaripa,MX,29.05,-109.2333,94.6,6,0,5.7,clear sky
606,Nioro,GM,13.35,-15.75,99.14,12,100,5.46,overcast clouds
607,Aneho,TG,6.2333,1.6,84.2,84,20,13.8,few clouds
608,Agadez,NE,19.75,10.25,78.58,8,99,7.52,overcast clouds
609,Henties Bay,NA,-22.116,14.2845,68.72,70,5,8.1,clear sky
610,Kieta,PG,-6.2167,155.6333,78.62,82,99,4.47,light rain
611,Jodhpur,IN,26.2867,73.03,85.44,17,0,11.7,clear sky
612,Vyazemskiy,RU,47.5378,134.7525,33.33,49,26,7.43,scattered clouds
613,Ndjole,GA,-0.1783,10.7649,79.16,87,100,1.3,overcast clouds
614,Annonay,FR,45.2397,4.6708,55.4,41,0,12.66,clear sky
615,Marzuq,YE,14.4,46.4667,72.27,30,6,5.7,clear sky
616,Vestmannaeyjar,IS,63.4427,-20.2734,21.78,50,31,29.26,scattered clouds
617,Homer,US,59.6425,-151.5483,37.4,93,90,8.05,light rain
618,Svetlaya,RU,46.5389,138.3297,31.78,61,0,6.08,clear sky
619,Oros,BR,-6.2444,-38.9136,90.39,44,99,8.48,overcast clouds
620,Wrzesnia,PL,52.3251,17.5652,43.0,54,32,5.01,scattered clouds
621,Oriximina,BR,-1.7656,-55.8661,88.43,59,100,5.23,overcast clouds
622,Devils Lake,US,48.1128,-98.8651,60.8,21,1,14.97,clear sky
623,Lixourion,GR,38.2019,20.4314,62.6,88,40,3.44,scattered clouds
624,Lusambo,CD,-4.9667,23.45,70.88,97,26,3.0,scattered clouds
625,Tokur,RU,53.1333,132.9,12.94,97,100,2.46,overcast clouds
626,Bend,US,44.0582,-121.3153,55.99,35,1,3.44,clear sky
627,Baker City,US,44.7749,-117.8344,57.99,33,1,4.61,clear sky
628,Katangli,RU,51.7102,143.2326,13.23,83,4,9.28,clear sky
629,Gebre Guracha,ET,9.8,38.4,61.36,42,7,7.2,clear sky
630,Ilinskiy,RU,55.619,38.1182,39.2,56,0,2.24,light rain
631,Balclutha,NZ,-46.2339,169.75,61.0,52,42,10.0,scattered clouds
632,Thohoyandou,ZA,-22.9456,30.485,64.54,81,0,4.88,clear sky
633,Shihezi,CN,44.3,86.0333,46.2,46,0,2.46,clear sky
634,Shache,CN,38.4167,77.2406,47.91,46,94,2.73,overcast clouds
635,Oyama,JP,36.3,139.8,64.0,94,90,4.61,light intensity drizzle
636,Meulaboh,ID,4.1363,96.1285,76.66,89,100,2.42,overcast clouds
637,Lieksa,FI,63.3167,30.0167,36.07,85,69,13.31,broken clouds
638,Alappuzha,IN,9.49,76.3264,81.46,75,63,11.21,broken clouds
639,Neiafu,TO,-18.65,-173.9833,71.6,94,40,6.35,light rain
640,Lindon,US,40.3433,-111.7208,73.4,18,40,3.44,scattered clouds
641,Iwanai,JP,42.9744,140.5089,34.54,70,100,4.54,overcast clouds
642,Prabumulih,ID,-3.45,104.25,75.4,95,100,1.72,overcast clouds
643,Sabha,LY,27.0377,14.4283,77.88,9,17,10.67,few clouds
644,Deer Lake,CA,49.1667,-57.4316,42.8,81,90,17.27,light intensity drizzle
645,Leonidovo,RU,49.2833,142.8667,20.89,89,51,4.09,broken clouds
646,Manjeshwar,IN,12.7194,74.8861,82.4,69,40,3.44,scattered clouds
647,Key West,US,24.5557,-81.7826,77.0,44,1,13.8,clear sky
648,Arcachon,FR,44.5875,-1.0519,62.6,62,0,8.05,clear sky
649,Coffs Harbour,AU,-30.3,153.1333,66.2,94,100,4.61,overcast clouds
650,Renigunta,IN,13.65,79.5167,80.94,81,67,3.6,broken clouds
651,Englewood,US,39.6478,-104.9878,77.0,11,75,9.22,broken clouds
652,Pasni,PK,25.2631,63.471,79.41,83,5,5.37,clear sky
653,Semirom,IR,31.4167,51.5667,43.18,36,0,4.79,clear sky
654,Kottagudem,IN,17.55,80.6333,82.99,66,5,7.92,clear sky
655,Bondo,CD,3.8146,23.6866,81.07,51,83,2.62,broken clouds
656,Arauca,CO,7.0847,-70.7591,95.74,33,100,4.65,overcast clouds
657,Robstown,US,27.7903,-97.6689,80.6,44,75,12.66,broken clouds
658,Svetlogorsk,BY,52.6333,29.7333,35.04,73,23,5.1,few clouds
659,Abashiri,JP,44.0213,144.2697,36.0,72,100,5.99,overcast clouds
660,Saposoa,PE,-6.934,-76.7716,75.2,94,90,2.3,moderate rain
661,Bogorodskoye,RU,56.55,37.8833,28.31,92,56,4.76,broken clouds
662,Arecibo,PR,18.4724,-66.7157,82.4,69,40,9.22,scattered clouds
663,Allahganj,IN,27.55,79.6833,80.6,7,98,6.42,overcast clouds
664,Ampanihy,MG,-24.7,44.75,68.7,85,5,7.2,clear sky
665,Tall Kayf,TR,37.0833,41.0667,53.91,58,26,4.09,scattered clouds
666,Yerbogachen,RU,61.2767,108.0108,-16.06,99,91,3.85,overcast clouds
667,Grimstad,NO,58.3405,8.5934,43.0,87,75,19.57,broken clouds
668,Jishou,CN,28.3167,109.7167,49.66,89,100,2.98,overcast clouds
669,Sao Joao Da Barra,BR,-21.6403,-41.0511,82.4,61,40,13.8,scattered clouds
670,Pangody,RU,65.85,74.4859,32.36,93,100,12.64,overcast clouds
671,Hobyo,SO,5.3505,48.5268,82.99,67,87,13.62,overcast clouds
672,San Quintin,MX,30.4833,-115.95,67.84,60,5,16.37,clear sky
673,Valparaiso,CL,-33.0393,-71.6273,59.0,100,90,9.22,mist
674,Huarmey,PE,-10.0681,-78.1522,76.53,71,42,11.01,scattered clouds
675,Jiangkou,CN,25.4872,119.1986,60.8,72,90,8.95,overcast clouds
676,Manaus,BR,-3.1019,-60.025,89.6,62,40,5.75,scattered clouds
677,Mangan,IN,27.5167,88.5333,61.36,32,0,8.23,clear sky
678,Conde,BR,-7.2597,-34.9075,80.6,83,75,13.8,broken clouds
679,Celestun,MX,20.8667,-90.4,78.39,60,42,19.26,scattered clouds
680,Manado,ID,1.487,124.8455,77.5,88,100,2.53,overcast clouds
681,Ocher,RU,57.8904,54.7202,28.6,96,100,6.51,light snow
682,Gavle,SE,60.6745,17.1417,48.99,47,100,7.0,overcast clouds
683,Myitkyina,MM,25.3833,97.4,72.82,30,88,2.26,overcast clouds
684,Syasstroy,RU,60.1367,32.5691,36.01,87,100,14.41,light rain
685,San Lorenzo,PY,-25.3333,-57.5333,89.6,45,0,8.05,clear sky
686,Broken Hill,AU,-31.95,141.4333,62.6,48,0,8.05,clear sky
687,Khandbari,NP,27.3747,87.2039,62.47,17,0,5.35,clear sky
688,Bara,NG,10.3744,10.7288,87.21,13,5,6.98,clear sky
689,Kudahuvadhoo,MV,2.6708,72.8944,83.55,75,8,14.81,clear sky
690,Mnogovershinnyy,RU,53.9353,139.9242,3.33,83,17,4.07,few clouds
691,Nurota,UZ,40.5614,65.6886,48.2,71,96,9.22,overcast clouds
692,Costa Rica,BR,-23.4167,-54.65,83.53,49,100,6.89,overcast clouds
693,Sambava,MG,-14.2667,50.1667,79.14,83,96,6.33,overcast clouds
694,Shingu,JP,33.7333,135.9833,60.73,94,100,5.17,overcast clouds
695,Miri,MY,4.4148,114.0089,77.0,94,40,4.92,scattered clouds
696,Praya,CV,14.9215,-23.5087,87.8,27,0,18.41,clear sky
697,Fort Saint James,CA,54.4333,-124.25,41.09,49,4,7.49,clear sky
698,Ust-Kuyga,RU,70.0167,135.6,-15.34,99,100,4.88,overcast clouds
699,Kailua,US,21.4022,-157.7394,71.6,88,90,12.66,light rain
700,Roma,US,43.2128,-75.4557,57.99,33,75,5.75,broken clouds
701,Laguna De Perlas,NI,12.3429,-83.6712,86.0,70,40,4.61,scattered clouds
702,Nerchinskiy Zavod,RU,51.3088,119.61,31.35,80,94,7.74,overcast clouds
703,Ishinomaki,JP,38.4167,141.3,48.11,94,100,11.79,overcast clouds
704,Pyapon,MM,16.2833,95.6833,77.86,72,100,6.49,moderate rain
705,Hegang,CN,47.4,130.3667,34.83,42,100,5.59,overcast clouds
706,Mende,FR,44.6667,3.5,34.29,72,0,5.1,clear sky
